car_id,brand,model,year,price_inr,km_driven,fuel_type,transmission,owner_type,mileage_kmpl,engine_cc,city,insurance_valid,seller_rating,listed_date,is_price_outlier,car_age
CAR001,Maruti,Baleno,2009.0,236000.0,13300.0,Petrol,Manual,First,12.9,1000.0,Hyderabad,Yes,3.1,2026-02-02,False,17.0
CAR002,Maruti,i20,2010.0,292000.0,17600.0,Diesel,Automatic,Second,13.8,1200.0,Hyderabad,Yes,3.2,2026-03-03,False,16.0
CAR003,Hyundai,Creta,2011.0,348000.0,21900.0,Diesel,Automatic,Second,14.7,1400.0,Bengaluru,Yes,3.3,2026-04-04,False,15.0
CAR004,Hyundai,Nexon,2012.0,404000.0,26200.0,Cng,Automatic,Third,15.6,1600.0,Bengaluru,No,3.4,2026-05-05,False,14.0
CAR005,Tata,XUV300,2013.0,460000.0,30500.0,Electric,Manual,Third,16.5,1800.0,Mumbai,Yes,3.5,2026-06-06,False,13.0
CAR006,Tata,Seltos,2014.0,516000.0,34800.0,Petrol,Manual,First,17.4,2000.0,Pune,Yes,3.6,2026-07-07,False,12.0
CAR007,Mahindra,Kwid,2015.0,509000.0,39100.0,Petrol,Automatic,First,18.3,2200.0,Chennai,Yes,3.7,2026-08-08,False,11.0
CAR008,Kia,Innova,2016.0,565000.0,43400.0,Petrol,Automatic,Second,19.2,800.0,Delhi,No,3.8,2026-09-09,False,10.0
CAR009,Renault,Altroz,2017.0,621000.0,47700.0,Diesel,Automatic,Second,20.1,1000.0,Delhi,Yes,3.9,2026-10-10,False,9.0
CAR010,Toyota,Swift,2018.0,677000.0,52000.0,Diesel,Manual,Third,12.0,1200.0,Hyderabad,Yes,4.0,2026-11-11,False,8.0
CAR011,Toyota,Baleno,2019.0,733000.0,56300.0,Cng,Manual,Third,12.9,1400.0,Hyderabad,Yes,4.1,2026-12-12,False,7.0
CAR012,Maruti,i20,2020.0,789000.0,60600.0,Electric,Automatic,First,13.8,1600.0,Hyderabad,No,4.2,2026-01-13,False,6.0
CAR013,Maruti,Creta,2021.0,845000.0,64900.0,Petrol,Automatic,First,14.7,1800.0,Bengaluru,Yes,4.3,2026-02-14,False,5.0
CAR014,Maruti,Nexon,2022.0,838000.0,69200.0,Petrol,Automatic,Second,15.6,2000.0,Bengaluru,Yes,4.4,2026-03-15,False,4.0
CAR015,Hyundai,XUV300,2023.0,894000.0,73500.0,Petrol,Manual,Second,16.5,2200.0,Mumbai,Yes,4.5,2026-04-16,False,3.0
CAR016,Hyundai,Seltos,2024.0,950000.0,77800.0,Diesel,Manual,Third,17.4,800.0,Pune,No,4.6,2026-05-17,False,2.0
CAR017,Tata,Kwid,2008.0,9500000.0,82100.0,Diesel,Automatic,Third,18.3,1000.0,Chennai,Yes,4.7,2026-06-18,True,18.0
CAR018,Tata,Innova,2009.0,1062000.0,86400.0,Cng,Automatic,First,19.2,1200.0,Delhi,Yes,4.8,2026-07-19,False,17.0
CAR019,Unknown,Altroz,2010.0,1118000.0,90700.0,Electric,Automatic,First,20.1,1400.0,Delhi,Yes,4.9,2026-08-20,False,16.0
CAR020,Kia,Swift,2011.0,1174000.0,95000.0,Petrol,Manual,Second,12.0,1600.0,Hyderabad,No,5.0,2026-09-21,False,15.0
CAR021,Renault,Baleno,2012.0,1167000.0,99300.0,Petrol,Manual,Second,16.5,1800.0,Hyderabad,Yes,3.0,2026-10-22,False,14.0
CAR022,Toyota,i20,2013.0,1223000.0,103600.0,Petrol,Automatic,Third,13.8,2000.0,Hyderabad,Yes,,2026-11-23,False,13.0
CAR023,Toyota,Creta,2014.0,724000.0,107900.0,Diesel,Automatic,Third,14.7,2200.0,Bengaluru,Yes,3.2,2026-12-24,False,12.0
CAR024,Maruti,Nexon,2015.0,207000.0,112200.0,Diesel,Automatic,First,15.6,800.0,Bengaluru,No,3.3,2026-01-25,False,11.0
CAR025,Maruti,XUV300,2016.0,263000.0,116500.0,Cng,Manual,First,16.5,1000.0,Mumbai,Yes,3.4,,False,10.0
CAR026,Maruti,Seltos,2017.0,319000.0,120800.0,Electric,Manual,Second,17.4,1500.0,Pune,Yes,3.5,2026-03-27,False,9.0
CAR027,Hyundai,Kwid,,375000.0,125100.0,Petrol,Automatic,Second,18.3,1400.0,Chennai,Yes,3.6,2026-04-01,False,
CAR028,Hyundai,Innova,2019.0,368000.0,129400.0,Petrol,Automatic,Third,19.2,1600.0,Delhi,No,3.7,2026-05-02,False,7.0
CAR029,Tata,Altroz,2020.0,424000.0,133700.0,Petrol,Automatic,Third,20.1,1800.0,Delhi,Yes,3.8,2026-06-03,False,6.0
CAR030,Tata,Swift,2021.0,480000.0,138000.0,Diesel,Manual,First,12.0,2000.0,Hyderabad,Yes,3.9,2026-07-04,False,5.0
CAR031,Mahindra,Baleno,2022.0,536000.0,9000.0,Diesel,Unknown,First,12.9,2200.0,Hyderabad,Yes,4.0,2026-08-05,False,4.0
CAR032,Kia,i20,2023.0,592000.0,13300.0,Cng,Automatic,Second,13.8,800.0,Hyderabad,No,4.1,2026-09-06,False,3.0
CAR033,Renault,Creta,2024.0,648000.0,17600.0,Electric,Automatic,Second,14.7,1000.0,Bengaluru,Yes,4.2,2026-10-07,False,2.0
CAR034,Toyota,Nexon,2008.0,704000.0,21900.0,Petrol,Automatic,Third,15.6,1200.0,Bengaluru,Yes,4.3,2026-11-08,False,18.0
CAR035,Toyota,XUV300,2009.0,697000.0,26200.0,Petrol,Manual,Third,16.5,1400.0,Mumbai,Yes,4.4,2026-12-09,False,17.0
CAR036,Maruti,Seltos,2010.0,753000.0,30500.0,Petrol,Manual,First,17.4,1600.0,Pune,Yes,4.5,2026-01-10,False,16.0
CAR037,Maruti,Kwid,2011.0,809000.0,34800.0,Diesel,Automatic,First,18.3,1800.0,Chennai,Yes,4.6,2026-02-11,False,15.0
CAR038,Unknown,Innova,2012.0,865000.0,39100.0,Diesel,Automatic,Second,19.2,2000.0,Delhi,Yes,4.7,2026-03-12,False,14.0
CAR039,Hyundai,Altroz,2013.0,921000.0,43400.0,Cng,Automatic,Second,20.1,2200.0,Delhi,Yes,4.8,2026-04-13,False,13.0
CAR040,Hyundai,Swift,2014.0,977000.0,47700.0,Electric,Manual,Third,12.0,800.0,Hyderabad,No,4.9,2026-05-14,False,12.0
CAR041,Tata,Baleno,2015.0,1033000.0,52000.0,Petrol,Manual,Third,12.9,1000.0,Hyderabad,Yes,5.0,2026-06-15,False,11.0
CAR042,Tata,i20,2016.0,1026000.0,56300.0,Petrol,Automatic,First,16.5,1200.0,Hyderabad,Yes,3.0,2026-07-16,False,10.0
CAR043,Mahindra,Creta,2017.0,1082000.0,60600.0,Petrol,Automatic,First,14.7,1400.0,Bengaluru,Yes,3.1,2026-08-17,False,9.0
CAR044,Kia,Nexon,2018.0,1138000.0,64900.0,Diesel,Automatic,Second,15.6,1600.0,Bengaluru,No,,2026-09-18,False,8.0
CAR045,Renault,XUV300,2019.0,1194000.0,69200.0,Diesel,Manual,Second,16.5,1800.0,Mumbai,Yes,3.3,2026-10-19,False,7.0
CAR046,Toyota,Seltos,2020.0,724000.0,73500.0,Cng,Manual,Third,17.4,2000.0,Pune,Yes,3.4,2026-11-20,False,6.0
CAR047,Toyota,Kwid,2021.0,1306000.0,77800.0,Electric,Automatic,Third,18.3,2200.0,Chennai,Yes,3.5,2026-12-21,False,5.0
CAR048,Maruti,Innova,2022.0,234000.0,82100.0,Petrol,Automatic,First,19.2,800.0,Delhi,No,3.6,2026-01-22,False,4.0
CAR049,Maruti,Altroz,2023.0,227000.0,,Petrol,Automatic,First,20.1,1000.0,Delhi,Yes,3.7,2026-02-23,False,3.0
CAR050,Maruti,Swift,2024.0,283000.0,90700.0,Petrol,Manual,Second,12.0,1200.0,Hyderabad,Yes,3.8,,False,2.0
CAR051,Hyundai,Baleno,2008.0,339000.0,95000.0,Diesel,Manual,Second,12.9,1400.0,Hyderabad,Yes,3.9,2026-04-25,False,18.0
CAR052,Hyundai,i20,2009.0,395000.0,99300.0,Diesel,Automatic,Third,13.8,1500.0,Hyderabad,No,4.0,2026-05-26,False,17.0
CAR053,Tata,Creta,2010.0,451000.0,103600.0,Cng,Automatic,Third,14.7,1800.0,Bengaluru,Yes,4.1,2026-06-27,False,16.0
CAR054,Tata,Nexon,,507000.0,107900.0,Electric,Automatic,First,15.6,2000.0,Bengaluru,Yes,4.2,2026-07-01,False,
CAR055,Mahindra,XUV300,2012.0,563000.0,112200.0,Petrol,Manual,First,16.5,2200.0,Mumbai,Yes,4.3,2026-08-02,False,14.0
CAR056,Kia,Seltos,2013.0,556000.0,116500.0,Petrol,Manual,Second,17.4,800.0,Pune,No,4.4,2026-09-03,False,13.0
CAR057,Unknown,Kwid,2014.0,612000.0,120800.0,Petrol,Automatic,Second,18.3,1000.0,Chennai,Yes,4.5,2026-10-04,False,12.0
CAR058,Toyota,Innova,2015.0,668000.0,125100.0,Diesel,Automatic,Third,19.2,1200.0,Delhi,Yes,4.6,2026-11-05,False,11.0
CAR059,Toyota,Altroz,2016.0,724000.0,129400.0,Diesel,Automatic,Third,20.1,1400.0,Delhi,Yes,4.7,2026-12-06,False,10.0
CAR060,Maruti,Swift,2017.0,780000.0,133700.0,Cng,Manual,First,12.0,1600.0,Hyderabad,No,4.8,2026-01-07,False,9.0
CAR061,Maruti,Baleno,2018.0,836000.0,138000.0,Electric,Manual,First,12.9,1800.0,Hyderabad,Yes,4.9,2026-02-08,False,8.0
CAR062,Maruti,i20,2019.0,892000.0,9000.0,Petrol,Unknown,Second,13.8,2000.0,Hyderabad,Yes,5.0,2026-03-09,False,7.0
CAR063,Hyundai,Creta,2020.0,885000.0,13300.0,Petrol,Automatic,Second,16.5,2200.0,Bengaluru,Yes,3.0,2026-04-10,False,6.0
CAR064,Hyundai,Nexon,2021.0,941000.0,17600.0,Petrol,Automatic,Third,15.6,800.0,Bengaluru,No,3.1,2026-05-11,False,5.0
CAR065,Tata,XUV300,2022.0,997000.0,21900.0,Diesel,Manual,Third,16.5,1000.0,Mumbai,Yes,3.2,2026-06-12,False,4.0
CAR066,Tata,Seltos,2023.0,1053000.0,26200.0,Diesel,Manual,First,17.4,1200.0,Pune,Yes,,2026-07-13,False,3.0
CAR067,Mahindra,Kwid,2024.0,1109000.0,30500.0,Cng,Automatic,First,18.3,1400.0,Chennai,Yes,3.4,2026-08-14,False,2.0
CAR068,Kia,Innova,2008.0,1165000.0,34800.0,Electric,Automatic,Second,19.2,1600.0,Delhi,No,3.5,2026-09-15,False,18.0
CAR069,Renault,Altroz,2009.0,724000.0,39100.0,Petrol,Automatic,Second,20.1,1800.0,Delhi,Yes,3.6,2026-10-16,False,17.0
CAR070,Toyota,Swift,2010.0,1214000.0,43400.0,Petrol,Manual,Third,12.0,2000.0,Hyderabad,Yes,3.7,2026-11-17,False,16.0
CAR071,Toyota,Baleno,2011.0,1270000.0,47700.0,Petrol,Manual,Third,12.9,2200.0,Hyderabad,Yes,3.8,2026-12-18,False,15.0
CAR072,Maruti,i20,2012.0,198000.0,52000.0,Diesel,Automatic,First,13.8,800.0,Hyderabad,Yes,3.9,2026-01-19,False,14.0
CAR073,Maruti,Creta,2013.0,254000.0,56300.0,Diesel,Automatic,First,14.7,1000.0,Bengaluru,Yes,4.0,2026-02-20,False,13.0
CAR074,Maruti,Nexon,2014.0,310000.0,60600.0,Cng,Automatic,Second,15.6,1200.0,Bengaluru,Yes,4.1,2026-03-21,False,12.0
CAR075,Hyundai,XUV300,2015.0,366000.0,64900.0,Electric,Manual,Second,16.5,1400.0,Mumbai,Yes,4.2,,False,11.0
CAR076,Unknown,Seltos,2016.0,422000.0,69200.0,Petrol,Manual,Third,17.4,1600.0,Pune,No,4.3,2026-05-23,False,10.0
CAR077,Tata,Kwid,2017.0,415000.0,73500.0,Petrol,Automatic,Third,18.3,1800.0,Chennai,Yes,4.4,2026-06-24,False,9.0
CAR078,Tata,Innova,2018.0,471000.0,77800.0,Petrol,Automatic,First,19.2,1500.0,Delhi,Yes,4.5,2026-07-25,False,8.0
CAR079,Mahindra,Altroz,2019.0,527000.0,82100.0,Diesel,Automatic,First,20.1,2200.0,Delhi,Yes,4.6,2026-08-26,False,7.0
CAR080,Kia,Swift,2020.0,583000.0,86400.0,Diesel,Manual,Second,12.0,800.0,Hyderabad,No,4.7,2026-09-27,False,6.0
CAR081,Renault,Baleno,,639000.0,90700.0,Cng,Manual,Second,12.9,1000.0,Hyderabad,Yes,4.8,2026-10-01,False,
CAR082,Toyota,i20,2022.0,695000.0,95000.0,Electric,Automatic,Third,13.8,1200.0,Hyderabad,Yes,4.9,2026-11-02,False,4.0
CAR083,Toyota,Creta,2023.0,751000.0,99300.0,Petrol,Automatic,Third,14.7,1400.0,Bengaluru,Yes,5.0,2026-12-03,False,3.0
CAR084,Maruti,Nexon,2024.0,744000.0,103600.0,Petrol,Automatic,First,16.5,1600.0,Bengaluru,No,3.0,2026-01-04,False,2.0
CAR085,Maruti,XUV300,2008.0,800000.0,107900.0,Petrol,Manual,First,16.5,1800.0,Mumbai,Yes,3.1,2026-02-05,False,18.0
CAR086,Maruti,Seltos,2009.0,856000.0,112200.0,Diesel,Manual,Second,17.4,2000.0,Pune,Yes,3.2,2026-03-06,False,17.0
CAR087,Hyundai,Kwid,2010.0,912000.0,116500.0,Diesel,Automatic,Second,18.3,2200.0,Chennai,Yes,3.3,2026-04-07,False,16.0
CAR088,Hyundai,Innova,2011.0,968000.0,650000.0,Cng,Automatic,Third,19.2,800.0,Delhi,No,,2026-05-08,False,15.0
CAR089,Tata,Altroz,2012.0,1024000.0,125100.0,Electric,Automatic,Third,20.1,1000.0,Delhi,Yes,3.5,2026-06-09,False,14.0
CAR090,Tata,Swift,2013.0,1080000.0,129400.0,Petrol,Manual,First,12.0,1200.0,Hyderabad,Yes,3.6,2026-07-10,False,13.0
CAR091,Mahindra,Baleno,2014.0,1073000.0,133700.0,Petrol,Manual,First,12.9,1400.0,Hyderabad,Yes,3.7,2026-08-11,False,12.0
CAR092,Kia,i20,2015.0,724000.0,138000.0,Petrol,Automatic,Second,13.8,1600.0,Hyderabad,No,3.8,2026-09-12,False,11.0
CAR093,Renault,Creta,2016.0,1185000.0,9000.0,Diesel,Unknown,Second,14.7,1800.0,Bengaluru,Yes,3.9,2026-10-13,False,10.0
CAR094,Toyota,Nexon,2017.0,1241000.0,13300.0,Diesel,Automatic,Third,15.6,2000.0,Bengaluru,Yes,4.0,2026-11-14,False,9.0
CAR095,Unknown,XUV300,2018.0,1297000.0,17600.0,Cng,Manual,Third,16.5,2200.0,Mumbai,Yes,4.1,2026-12-15,False,8.0
CAR096,Maruti,Seltos,2019.0,225000.0,21900.0,Electric,Manual,First,17.4,800.0,Pune,No,4.2,2026-01-16,False,7.0
CAR097,Maruti,Kwid,2020.0,281000.0,26200.0,Petrol,Automatic,First,18.3,1000.0,Chennai,Yes,4.3,2026-02-17,False,6.0
CAR098,Maruti,Innova,2021.0,274000.0,30500.0,Petrol,Automatic,Second,19.2,1200.0,Delhi,Yes,4.4,2026-03-18,False,5.0
CAR099,Hyundai,Altroz,2022.0,330000.0,34800.0,Petrol,Automatic,Second,20.1,1400.0,Delhi,Yes,4.5,2026-04-19,False,4.0
CAR100,Hyundai,Swift,2023.0,386000.0,39100.0,Diesel,Manual,Third,12.0,1600.0,Hyderabad,No,4.6,,False,3.0
CAR101,Tata,Baleno,2024.0,442000.0,43400.0,Diesel,Manual,Third,12.9,1800.0,Hyderabad,Yes,4.7,2026-06-21,False,2.0
CAR102,Tata,i20,2008.0,498000.0,47700.0,Cng,Automatic,First,13.8,2000.0,Hyderabad,Yes,4.8,2026-07-22,False,18.0
CAR103,Mahindra,Creta,2009.0,554000.0,52000.0,Electric,Automatic,First,14.7,2200.0,Bengaluru,Yes,4.9,2026-08-23,False,17.0
CAR104,Kia,Nexon,2010.0,610000.0,56300.0,Petrol,Automatic,Second,15.6,1500.0,Bengaluru,No,5.0,2026-09-24,False,16.0
CAR105,Renault,XUV300,2011.0,603000.0,60600.0,Petrol,Manual,Second,16.5,1000.0,Mumbai,Yes,3.0,2026-10-25,False,15.0
CAR106,Toyota,Seltos,2012.0,659000.0,64900.0,Petrol,Manual,Third,17.4,1200.0,Pune,Yes,3.1,2026-11-26,False,14.0
CAR107,Toyota,Kwid,2013.0,715000.0,69200.0,Diesel,Automatic,Third,18.3,1400.0,Chennai,Yes,3.2,2026-12-27,False,13.0
CAR108,Maruti,Innova,,771000.0,73500.0,Diesel,Automatic,First,19.2,1600.0,Delhi,Yes,3.3,2026-01-01,False,
CAR109,Maruti,Altroz,2015.0,827000.0,77800.0,Cng,Automatic,First,20.1,1800.0,Delhi,Yes,3.4,2026-02-02,False,11.0
CAR110,Maruti,Swift,2016.0,883000.0,82100.0,Electric,Manual,Second,12.0,2000.0,Hyderabad,Yes,,2026-03-03,False,10.0
CAR111,Hyundai,Baleno,2017.0,939000.0,86400.0,Petrol,Manual,Second,12.9,2200.0,Hyderabad,Yes,3.6,2026-04-04,False,9.0
CAR112,Hyundai,i20,2018.0,932000.0,90700.0,Petrol,Automatic,Third,13.8,800.0,Hyderabad,No,3.7,2026-05-05,False,8.0
CAR113,Tata,Creta,2019.0,988000.0,95000.0,Petrol,Automatic,Third,14.7,1000.0,Bengaluru,Yes,3.8,2026-06-06,False,7.0
CAR114,Unknown,Nexon,2020.0,1044000.0,99300.0,Diesel,Automatic,First,15.6,1200.0,Bengaluru,Yes,3.9,2026-07-07,False,6.0
CAR115,Mahindra,XUV300,2021.0,724000.0,103600.0,Diesel,Manual,First,16.5,1400.0,Mumbai,Yes,4.0,2026-08-08,False,5.0
CAR116,Kia,Seltos,2022.0,1156000.0,107900.0,Cng,Manual,Second,17.4,1600.0,Pune,No,4.1,2026-09-09,False,4.0
CAR117,Renault,Kwid,2023.0,1212000.0,112200.0,Electric,Automatic,Second,18.3,1800.0,Chennai,Yes,4.2,2026-10-10,False,3.0
CAR118,Toyota,Innova,2024.0,1268000.0,116500.0,Petrol,Automatic,Third,19.2,2000.0,Delhi,Yes,4.3,2026-11-11,False,2.0
CAR119,Toyota,Altroz,2008.0,1261000.0,120800.0,Petrol,Automatic,Third,20.1,2200.0,Delhi,Yes,4.4,2026-12-12,False,18.0
CAR120,Maruti,Swift,2009.0,189000.0,125100.0,Petrol,Manual,First,12.0,800.0,Hyderabad,No,4.5,2026-01-13,False,17.0
